{
	"class_name" : "PinholeCameraParameters",
	"extrinsic" : 
	[
		-0.057624357169056714,
		-0.12344880510975242,
		0.9906764486843459,
		0.0,
		-0.92184267710746837,
		0.38752763098748083,
		-0.0053304675748733609,
		0.0,
		-0.38325645738094077,
		-0.91355499436990939,
		-0.13613140760899331,
		0.0,
		0.094236477603428431,
		0.60945367270478501,
		0.83658879237265227,
		1.0
	],
	"intrinsic" : 
	{
		"height" : 1080,
		"intrinsic_matrix" : 
		[
			935.30743608719399,
			0.0,
			0.0,
			0.0,
			935.30743608719399,
			0.0,
			959.5,
			539.5,
			1.0
		],
		"width" : 1920
	},
	"version_major" : 1,
	"version_minor" : 0
}