{
	"class_name" : "PinholeCameraParameters",
	"extrinsic" : 
	[
		0.98779904684351805,
		-0.12567533803494196,
		0.091971476365449431,
		0.0,
		-0.046756131192745534,
		0.3239966090705933,
		0.94490214387874261,
		0.0,
		-0.1485493428155242,
		-0.93767366749875203,
		0.31416744902760957,
		0.0,
		-0.01736765869599647,
		0.61442054209729813,
		0.80196719496510505,
		1.0
	],
	"intrinsic" : 
	{
		"height" : 1080,
		"intrinsic_matrix" : 
		[
			935.30743608719399,
			0.0,
			0.0,
			0.0,
			935.30743608719399,
			0.0,
			959.5,
			539.5,
			1.0
		],
		"width" : 1920
	},
	"version_major" : 1,
	"version_minor" : 0
}